Date,Time,Pressure (mmHg),SNR,TimeStamp (mS)
17 Oct 2022,15:03:30.453,8,3197,292588
17 Oct 2022,15:03:30.453,2,1059,293588
17 Oct 2022,15:03:30.453,88,30,294588
17 Oct 2022,15:03:33.364,90,717,295588
17 Oct 2022,15:03:33.364,86,313,296588
17 Oct 2022,15:03:33.364,15,1121,297588
17 Oct 2022,15:03:35.584,7,1502,298588
17 Oct 2022,15:03:35.584,9,10823,299588
17 Oct 2022,15:03:38.180,22,117,300588
17 Oct 2022,15:03:38.180,20,15696,301588
17 Oct 2022,15:03:40.427,20,19773,302588
17 Oct 2022,15:03:40.427,28,13579,303588
17 Oct 2022,15:03:40.427,29,19434,304588
17 Oct 2022,15:03:43.263,41,270,305588
17 Oct 2022,15:03:43.263,38,17291,306726
17 Oct 2022,15:03:45.558,37,17258,307726
17 Oct 2022,15:03:45.558,46,1876,308726
17 Oct 2022,15:03:45.558,47,13729,309726
17 Oct 2022,15:03:48.454,62,16959,310782
17 Oct 2022,15:03:48.454,56,7022,311934
17 Oct 2022,15:03:50.734,55,12405,312934
17 Oct 2022,15:03:50.734,66,1009,313934
17 Oct 2022,15:03:50.734,65,13945,314934
17 Oct 2022,15:03:53.688,82,8630,315950
17 Oct 2022,15:03:53.688,77,12922,316950
17 Oct 2022,15:03:55.773,74,4458,317950
17 Oct 2022,15:03:55.773,91,3975,318950
17 Oct 2022,15:03:55.773,86,14931,319950
17 Oct 2022,15:03:58.908,85,6023,320950
17 Oct 2022,15:03:58.908,95,2299,321950
17 Oct 2022,15:04:00.949,95,508,323096
17 Oct 2022,15:04:00.949,107,260,324096
17 Oct 2022,15:04:00.949,104,11082,325096
17 Oct 2022,15:04:03.920,103,12822,326096
17 Oct 2022,15:04:03.920,115,12159,327096
17 Oct 2022,15:04:03.920,115,13757,328096
17 Oct 2022,15:04:06.678,130,6383,329096
17 Oct 2022,15:04:06.678,127,15190,330096
17 Oct 2022,15:04:09.049,125,14537,331096
17 Oct 2022,15:04:09.049,138,6073,332096
17 Oct 2022,15:04:09.049,136,13652,333096
17 Oct 2022,15:04:11.883,149,124,334254
17 Oct 2022,15:04:11.883,146,14946,335254
17 Oct 2022,15:04:14.242,145,16885,336254
17 Oct 2022,15:04:14.242,157,17676,337254
17 Oct 2022,15:04:14.242,156,15945,338254
17 Oct 2022,15:04:16.803,169,317,339254
17 Oct 2022,15:04:16.803,166,10943,340254
17 Oct 2022,15:04:19.083,164,16658,341254
17 Oct 2022,15:04:19.083,179,2118,342254
17 Oct 2022,15:04:19.083,176,14862,343254
17 Oct 2022,15:04:21.978,190,247,344374
17 Oct 2022,15:04:21.978,189,14707,345414
17 Oct 2022,15:04:24.575,187,16466,346414
17 Oct 2022,15:04:24.575,42,16667,347414
17 Oct 2022,15:04:24.575,45,4314,348414
17 Oct 2022,15:04:26.914,24,113,349414
17 Oct 2022,15:04:26.914,30,6801,350414
17 Oct 2022,15:04:29.360,31,5647,351414
17 Oct 2022,15:04:29.360,32,2601,352414
17 Oct 2022,15:04:29.360,32,287,353414
17 Oct 2022,15:04:32.388,34,5431,354414
17 Oct 2022,15:04:32.388,35,161,355414
17 Oct 2022,15:04:32.388,40,962,356414
17 Oct 2022,15:04:34.668,21,866,357414
17 Oct 2022,15:04:34.668,23,5692,358414
17 Oct 2022,15:04:36.903,25,1182,359548
17 Oct 2022,15:04:38.374,26,4800,360570
17 Oct 2022,15:04:38.374,26,4812,361570
17 Oct 2022,15:04:40.458,26,5151,362570
17 Oct 2022,15:04:40.458,26,5534,363570
17 Oct 2022,15:04:42.618,27,3611,364570
17 Oct 2022,15:04:42.618,27,5350,365570
17 Oct 2022,15:04:44.253,27,5383,366570
17 Oct 2022,15:04:44.253,27,5335,367570
17 Oct 2022,15:04:46.168,28,5753,368570
17 Oct 2022,15:04:46.168,28,5541,369570
17 Oct 2022,15:04:48.093,27,5468,370708
17 Oct 2022,15:04:48.093,27,5350,371708
17 Oct 2022,15:04:50.059,29,5466,372708
17 Oct 2022,15:04:52.189,29,3408,373734
17 Oct 2022,15:04:52.189,28,6054,374734
17 Oct 2022,15:04:52.189,28,6219,375734
17 Oct 2022,15:04:53.988,29,4434,376734
17 Oct 2022,15:04:53.988,29,6160,377746
17 Oct 2022,15:04:55.503,29,5811,378892
17 Oct 2022,15:04:58.173,29,5544,379892
17 Oct 2022,15:04:58.173,31,5327,380892
17 Oct 2022,15:05:00.378,30,5370,381922
17 Oct 2022,15:05:00.378,30,5741,382922
17 Oct 2022,15:05:00.378,29,5812,383922
17 Oct 2022,15:05:01.474,29,661,384922
17 Oct 2022,15:05:03.588,29,5980,385922
17 Oct 2022,15:05:03.588,30,5643,387128
17 Oct 2022,15:05:05.931,29,5671,388128
17 Oct 2022,15:05:05.931,29,5806,389128
17 Oct 2022,15:05:07.880,30,6073,390128
17 Oct 2022,15:05:09.438,30,4631,391152
17 Oct 2022,15:05:09.438,30,5678,392284
17 Oct 2022,15:05:10.818,29,5727,393284
17 Oct 2022,15:05:10.818,31,5627,394284
17 Oct 2022,15:05:13.053,31,5499,395284
17 Oct 2022,15:05:13.053,30,5668,396294
17 Oct 2022,15:05:15.366,30,5948,397296
17 Oct 2022,15:05:15.366,30,5753,398296
17 Oct 2022,15:05:16.818,29,5362,399296
17 Oct 2022,15:05:16.818,29,5171,400296
17 Oct 2022,15:05:19.039,31,5466,401296
17 Oct 2022,15:05:19.039,30,5306,402296
17 Oct 2022,15:05:20.883,30,3890,403444
17 Oct 2022,15:05:20.883,29,6600,404444
17 Oct 2022,15:05:22.894,31,6280,405444
17 Oct 2022,15:05:22.894,30,5863,406444
17 Oct 2022,15:05:24.874,30,6127,407500
17 Oct 2022,15:05:26.749,29,6322,408652
17 Oct 2022,15:05:26.749,29,6031,409652
17 Oct 2022,15:05:26.749,29,5732,410652
17 Oct 2022,15:05:28.099,30,5769,411652
17 Oct 2022,15:05:30.049,30,5864,412722
17 Oct 2022,15:05:31.894,30,5673,413860
17 Oct 2022,15:05:31.894,29,5326,414860
17 Oct 2022,15:05:31.894,31,5174,415860
17 Oct 2022,15:05:34.985,30,5337,416888
17 Oct 2022,15:05:34.985,30,5726,417916
17 Oct 2022,15:05:37.578,30,5575,419068
17 Oct 2022,15:05:37.578,29,5253,420068
17 Oct 2022,15:05:37.578,30,4933,421068
17 Oct 2022,15:05:38.374,31,5662,422068
17 Oct 2022,15:05:40.519,30,6247,423068
17 Oct 2022,15:05:40.519,30,4200,424068
17 Oct 2022,15:05:42.934,27,313,425068
17 Oct 2022,15:05:42.934,27,290,426068
17 Oct 2022,15:05:44.599,27,912,427068
17 Oct 2022,15:05:44.599,28,121,428068
17 Oct 2022,15:05:46.818,28,287,429068
17 Oct 2022,15:05:46.818,28,5807,430068
17 Oct 2022,15:05:46.818,27,4492,431068
17 Oct 2022,15:05:49.550,28,4832,432068
17 Oct 2022,15:05:51.323,29,5513,433076
17 Oct 2022,15:05:51.323,29,1663,434076
17 Oct 2022,15:05:51.323,28,2194,435076
17 Oct 2022,15:05:54.125,29,547,436230
17 Oct 2022,15:05:54.125,28,1223,437230
17 Oct 2022,15:05:56.164,28,1011,438230
17 Oct 2022,15:05:56.164,29,123,439230
17 Oct 2022,15:05:58.008,29,6001,440230
17 Oct 2022,15:05:58.008,29,5629,441230
17 Oct 2022,15:05:58.008,30,5800,442230
17 Oct 2022,15:06:01.446,29,2825,443262
17 Oct 2022,15:06:01.446,28,6419,444364
17 Oct 2022,15:06:03.559,28,5731,445364
17 Oct 2022,15:06:03.559,28,5678,446364
17 Oct 2022,15:06:03.559,29,4600,447364
17 Oct 2022,15:06:05.331,29,5476,448364
17 Oct 2022,15:06:07.014,29,5767,449364
17 Oct 2022,15:06:07.014,28,5872,450364
17 Oct 2022,15:06:10.225,28,5879,451364
17 Oct 2022,15:06:10.225,28,5574,452364
17 Oct 2022,15:06:10.225,29,5788,453364
17 Oct 2022,15:06:12.798,29,5797,454364
17 Oct 2022,15:06:12.798,29,5795,455364
17 Oct 2022,15:06:12.798,29,5739,456364
17 Oct 2022,15:06:14.899,29,6034,457364
17 Oct 2022,15:06:14.899,30,6563,458502
17 Oct 2022,15:06:16.644,29,6373,459514
17 Oct 2022,15:06:18.694,30,6371,460514
17 Oct 2022,15:06:18.694,29,5901,461520
17 Oct 2022,15:06:20.749,29,6097,462524
17 Oct 2022,15:06:20.749,29,6009,463524
17 Oct 2022,15:06:20.749,28,6346,464524
17 Oct 2022,15:06:22.566,28,6537,465524
17 Oct 2022,15:06:24.769,29,6403,466524
17 Oct 2022,15:06:24.769,30,6266,467524
17 Oct 2022,15:06:26.329,29,6030,468526
17 Oct 2022,15:06:26.329,29,6173,469660
17 Oct 2022,15:06:28.429,29,5673,470660
17 Oct 2022,15:06:28.429,29,5917,471660
17 Oct 2022,15:06:30.709,30,5629,472782
17 Oct 2022,15:06:30.709,29,6153,473782
17 Oct 2022,15:06:33.030,29,6054,474868
17 Oct 2022,15:06:33.030,29,6498,475868
17 Oct 2022,15:06:34.430,30,6215,476868
17 Oct 2022,15:06:34.430,30,3229,477944
17 Oct 2022,15:06:36.769,29,5101,478944
17 Oct 2022,15:06:36.769,29,6589,480076
17 Oct 2022,15:06:38.524,29,6341,481076
17 Oct 2022,15:06:38.524,30,6075,482076
17 Oct 2022,15:06:40.506,29,324,483178
17 Oct 2022,15:06:40.506,29,260,484178
17 Oct 2022,15:06:41.856,29,6034,485284
17 Oct 2022,15:06:44.615,30,3387,486284
17 Oct 2022,15:06:44.615,30,789,487300
17 Oct 2022,15:06:46.369,29,1376,488318
17 Oct 2022,15:06:46.369,29,1151,489318
17 Oct 2022,15:06:46.369,29,290,490318
17 Oct 2022,15:06:48.274,29,3936,491318
17 Oct 2022,15:06:50.569,30,348,492318
17 Oct 2022,15:06:50.569,29,3085,493468
17 Oct 2022,15:06:52.029,29,1862,494468
17 Oct 2022,15:06:52.029,29,4575,495468
17 Oct 2022,15:06:54.154,29,5072,496512
17 Oct 2022,15:06:54.154,29,5855,497512
17 Oct 2022,15:06:55.924,28,6145,498512
17 Oct 2022,15:06:55.924,30,5788,499512
17 Oct 2022,15:06:57.964,29,5220,500512
17 Oct 2022,15:06:59.751,29,486,501652
17 Oct 2022,15:06:59.751,30,5299,502652
17 Oct 2022,15:07:02.017,29,2254,503668
17 Oct 2022,15:07:02.017,29,5540,504668
17 Oct 2022,15:07:02.017,28,6073,505668
17 Oct 2022,15:07:03.291,29,6308,506668
17 Oct 2022,15:07:05.540,29,2402,507676
17 Oct 2022,15:07:05.540,29,6945,508676
17 Oct 2022,15:07:08.269,28,826,509676
17 Oct 2022,15:07:08.269,29,6859,510676
17 Oct 2022,15:07:09.411,29,4818,511676
17 Oct 2022,15:07:09.411,28,2938,512812
17 Oct 2022,15:07:10.970,29,757,513812
17 Oct 2022,15:07:10.970,29,5632,514812
17 Oct 2022,15:07:13.594,29,187,515812
17 Oct 2022,15:07:13.594,29,418,516856
17 Oct 2022,15:07:14.586,29,1085,517930
17 Oct 2022,15:07:16.609,30,5665,518946
17 Oct 2022,15:07:16.609,29,5841,519946
17 Oct 2022,15:07:19.174,30,6046,520998
17 Oct 2022,15:07:19.174,29,2341,521998
17 Oct 2022,15:07:19.174,27,5525,523122
17 Oct 2022,15:07:21.664,28,643,524122
17 Oct 2022,15:07:21.664,27,5262,525122
17 Oct 2022,15:07:23.584,27,5802,526204
17 Oct 2022,15:07:23.584,28,6494,527204
17 Oct 2022,15:07:24.964,28,6311,528204
17 Oct 2022,15:07:27.080,27,5976,529204
17 Oct 2022,15:07:27.080,28,6096,530204
17 Oct 2022,15:07:29.329,28,6130,531242
17 Oct 2022,15:07:29.329,28,6135,532242
17 Oct 2022,15:07:30.830,27,6274,533278
17 Oct 2022,15:07:30.830,27,6455,534388
17 Oct 2022,15:07:33.140,28,6095,535388
17 Oct 2022,15:07:33.140,28,2948,536388
17 Oct 2022,15:07:35.165,27,5797,537388
17 Oct 2022,15:07:35.165,27,6053,538430
17 Oct 2022,15:07:36.769,27,5519,539430
17 Oct 2022,15:07:38.899,28,5460,540450
17 Oct 2022,15:07:38.899,28,5629,541450
17 Oct 2022,15:07:40.610,27,5671,542572
17 Oct 2022,15:07:40.610,28,3478,543626
17 Oct 2022,15:07:42.455,28,5078,544626
17 Oct 2022,15:07:42.455,27,5020,545626
17 Oct 2022,15:07:44.315,27,5097,546626
17 Oct 2022,15:07:44.315,28,2784,547648
17 Oct 2022,15:07:46.339,28,5522,548700
17 Oct 2022,15:07:46.339,27,5617,549700
17 Oct 2022,15:07:48.530,28,5742,550756
17 Oct 2022,15:07:49.880,28,5579,551756
17 Oct 2022,15:07:49.880,28,5751,552756
17 Oct 2022,15:07:51.740,28,5714,553756
17 Oct 2022,15:07:51.740,28,2533,554762
17 Oct 2022,15:07:53.839,28,5437,555762
17 Oct 2022,15:07:53.839,29,5631,556762
17 Oct 2022,15:07:55.145,29,5022,557762
17 Oct 2022,15:07:55.145,28,6095,558762
17 Oct 2022,15:07:56.959,29,6131,559762
17 Oct 2022,15:07:59.075,28,3611,560762
17 Oct 2022,15:07:59.075,28,4986,561916
17 Oct 2022,15:08:00.665,28,4637,562916
17 Oct 2022,15:08:00.665,28,4665,563916
17 Oct 2022,15:08:02.105,29,4459,564916
17 Oct 2022,15:08:04.129,29,4331,565916
17 Oct 2022,15:08:04.129,28,4021,566916
17 Oct 2022,15:08:04.129,28,4565,567916
17 Oct 2022,15:08:05.991,28,4731,568960
17 Oct 2022,15:08:07.325,28,5006,570100
17 Oct 2022,15:08:07.325,29,5019,571100
17 Oct 2022,15:08:09.649,29,3976,572100
17 Oct 2022,15:08:09.649,28,5610,573100
17 Oct 2022,15:08:11.704,28,5771,574100
17 Oct 2022,15:08:11.704,29,4493,575100
17 Oct 2022,15:08:13.718,28,5135,576100
17 Oct 2022,15:08:15.259,28,4774,577100
17 Oct 2022,15:08:15.259,28,4825,578100
17 Oct 2022,15:08:15.259,29,5478,579100
17 Oct 2022,15:08:17.000,28,6154,580100
17 Oct 2022,15:08:19.146,28,6397,581100
17 Oct 2022,15:08:19.146,28,6405,582100
17 Oct 2022,15:08:20.615,29,2611,583132
17 Oct 2022,15:08:20.615,28,6007,584236
17 Oct 2022,15:08:22.318,29,6235,585236
17 Oct 2022,15:08:22.318,29,6336,586240
17 Oct 2022,15:08:24.305,28,6319,587240
17 Oct 2022,15:08:26.525,28,5959,588240
17 Oct 2022,15:08:26.525,29,6028,589240
17 Oct 2022,15:08:29.390,29,4102,590246
17 Oct 2022,15:08:29.390,28,1488,591246
17 Oct 2022,15:08:29.390,29,3143,592246
17 Oct 2022,15:08:31.520,29,1046,593246
17 Oct 2022,15:08:31.520,28,1505,594246
17 Oct 2022,15:08:34.010,29,5760,595396
17 Oct 2022,15:08:34.010,29,2171,596396
17 Oct 2022,15:08:34.955,28,4824,597396
17 Oct 2022,15:08:34.955,28,5108,598550
17 Oct 2022,15:08:37.175,29,5025,599550
17 Oct 2022,15:08:37.175,28,5095,600618
17 Oct 2022,15:08:39.215,28,5019,601618
17 Oct 2022,15:08:39.215,27,5567,602618
17 Oct 2022,15:08:40.956,29,5800,603740
17 Oct 2022,15:08:42.935,28,6254,604740
17 Oct 2022,15:08:42.935,28,1490,605812
17 Oct 2022,15:08:45.875,28,5091,606812
17 Oct 2022,15:08:45.875,29,5265,607812
17 Oct 2022,15:08:45.875,28,5410,608976
17 Oct 2022,15:08:45.875,28,5341,609976
17 Oct 2022,15:08:48.935,29,5179,611020
17 Oct 2022,15:08:48.935,29,5331,612030
17 Oct 2022,15:08:50.665,29,2663,613030
17 Oct 2022,15:08:50.665,28,2526,614030
17 Oct 2022,15:08:52.175,29,5400,615030
17 Oct 2022,15:08:54.140,29,670,616030
17 Oct 2022,15:08:54.140,29,5393,617030
17 Oct 2022,15:08:56.300,30,5633,618030
17 Oct 2022,15:08:56.300,29,6244,619030
17 Oct 2022,15:08:57.860,28,2547,620030
17 Oct 2022,15:08:57.860,28,6701,621030
17 Oct 2022,15:08:59.995,29,940,622180
17 Oct 2022,15:08:59.995,28,6271,623180
17 Oct 2022,15:09:01.535,28,6003,624180
17 Oct 2022,15:09:01.535,29,5411,625180
17 Oct 2022,15:09:03.080,28,3329,626180
17 Oct 2022,15:09:05.334,28,4564,627180
17 Oct 2022,15:09:05.334,29,5314,628208
17 Oct 2022,15:09:08.063,29,5694,629208
17 Oct 2022,15:09:08.063,30,6230,630364
17 Oct 2022,15:09:08.063,29,2458,631364
17 Oct 2022,15:09:10.506,28,5007,632364
17 Oct 2022,15:09:10.506,28,4639,633364
17 Oct 2022,15:09:12.275,30,5057,634366
17 Oct 2022,15:09:12.275,29,2424,635366
17 Oct 2022,15:09:14.315,28,5297,636366
17 Oct 2022,15:09:14.315,28,5375,637366
17 Oct 2022,15:09:15.833,29,5751,638366
17 Oct 2022,15:09:15.833,29,1727,639366
17 Oct 2022,15:09:17.933,28,5737,640366
17 Oct 2022,15:09:17.933,28,5385,641366
17 Oct 2022,15:09:19.535,29,3299,642402
17 Oct 2022,15:09:21.553,29,3327,643402
17 Oct 2022,15:09:21.553,29,4460,644500
17 Oct 2022,15:09:23.286,29,4614,645504
17 Oct 2022,15:09:23.286,29,2202,646504
17 Oct 2022,15:09:24.830,28,4829,647504
17 Oct 2022,15:09:24.830,28,4918,648504
17 Oct 2022,15:09:27.005,29,5136,649504
17 Oct 2022,15:09:27.005,29,1102,650512
17 Oct 2022,15:09:29.664,28,6333,651512
17 Oct 2022,15:09:29.664,29,6640,652512
17 Oct 2022,15:09:30.727,29,5098,653512
17 Oct 2022,15:09:32.766,29,1796,654512
17 Oct 2022,15:09:32.766,29,5997,655708
17 Oct 2022,15:09:35.030,29,5715,656708
17 Oct 2022,15:09:35.030,30,5483,657708
17 Oct 2022,15:09:36.441,29,5453,658708
17 Oct 2022,15:09:36.441,28,6080,659714
17 Oct 2022,15:09:39.307,29,6591,660752
17 Oct 2022,15:09:39.307,29,2508,661752
17 Oct 2022,15:09:40.161,28,7162,662752
17 Oct 2022,15:09:42.335,29,6948,663892
17 Oct 2022,15:09:42.335,28,6729,664892
17 Oct 2022,15:09:42.335,28,6426,665892
17 Oct 2022,15:09:44.830,29,5826,666924
17 Oct 2022,15:09:44.830,28,4439,667924
17 Oct 2022,15:09:45.726,29,5067,669052
17 Oct 2022,15:09:47.946,29,5383,670056
17 Oct 2022,15:09:47.946,29,5275,671056
17 Oct 2022,15:09:50.855,28,5420,672056
17 Oct 2022,15:09:50.855,28,4973,673056
17 Oct 2022,15:09:50.855,29,1629,674060
17 Oct 2022,15:09:53.406,28,5917,675068
17 Oct 2022,15:09:53.406,28,6423,676068
17 Oct 2022,15:09:53.406,28,6607,677068
17 Oct 2022,15:09:55.415,29,6416,678068
17 Oct 2022,15:09:55.415,29,5905,679068
17 Oct 2022,15:09:56.780,28,5501,680212
17 Oct 2022,15:09:59.721,28,5267,681212
17 Oct 2022,15:09:59.721,29,5242,682212
17 Oct 2022,15:10:01.250,29,4343,683240
17 Oct 2022,15:10:01.250,28,2727,684268
17 Oct 2022,15:10:02.810,28,5812,685426
17 Oct 2022,15:10:02.810,27,6336,686426
17 Oct 2022,15:10:04.956,29,6255,687426
17 Oct 2022,15:10:04.956,29,4314,688456
17 Oct 2022,15:10:07.311,28,1572,689552
17 Oct 2022,15:10:07.311,28,5383,690628
17 Oct 2022,15:10:09.171,29,4483,691628
17 Oct 2022,15:10:10.835,29,4275,692668
17 Oct 2022,15:10:10.835,28,4419,693668
17 Oct 2022,15:10:13.192,28,4736,694730
17 Oct 2022,15:10:13.192,29,2325,695836
17 Oct 2022,15:10:15.037,29,3834,696836
17 Oct 2022,15:10:15.037,29,4701,697836
17 Oct 2022,15:10:17.544,28,4887,698836
17 Oct 2022,15:10:17.544,28,5184,699836
17 Oct 2022,15:10:17.544,29,2333,700836
17 Oct 2022,15:10:19.881,28,4319,701840
17 Oct 2022,15:10:19.881,28,6315,702840
17 Oct 2022,15:10:19.881,28,6340,703840
17 Oct 2022,15:10:22.115,27,6368,704840
17 Oct 2022,15:10:22.115,29,3222,705840
17 Oct 2022,15:10:23.661,28,5598,706996
17 Oct 2022,15:10:25.763,27,5126,707996
17 Oct 2022,15:10:25.763,29,5430,708996
17 Oct 2022,15:10:27.823,28,5969,710022
17 Oct 2022,15:10:27.823,28,6284,711022
17 Oct 2022,15:10:29.902,27,6665,712022
17 Oct 2022,15:10:29.902,28,6331,713022
17 Oct 2022,15:10:31.296,28,2239,714022
17 Oct 2022,15:10:31.296,28,3009,715022
17 Oct 2022,15:10:33.291,29,5787,716022
17 Oct 2022,15:10:35.302,28,5820,717022
17 Oct 2022,15:10:35.302,28,5650,718156
17 Oct 2022,15:10:36.877,27,5449,719156
17 Oct 2022,15:10:36.877,28,5546,720156
17 Oct 2022,15:10:39.051,28,2667,721184
17 Oct 2022,15:10:39.051,28,6204,722184
17 Oct 2022,15:10:40.595,27,6190,723184
17 Oct 2022,15:10:40.595,28,6042,724184
17 Oct 2022,15:10:42.606,28,5718,725200
17 Oct 2022,15:10:42.606,27,5388,726340
17 Oct 2022,15:10:45.111,27,5261,727340
17 Oct 2022,15:10:45.111,28,1419,728340
17 Oct 2022,15:10:46.401,27,6115,729366
17 Oct 2022,15:10:48.591,27,6603,730366
17 Oct 2022,15:10:48.591,27,6171,731366
17 Oct 2022,15:10:48.591,28,6664,732366
17 Oct 2022,15:10:50.796,28,4712,733366
17 Oct 2022,15:10:50.796,27,6081,734366
17 Oct 2022,15:10:51.831,27,5561,735366
17 Oct 2022,15:10:54.937,28,5452,736366
17 Oct 2022,15:10:54.937,27,1855,737502
17 Oct 2022,15:10:56.976,26,5583,738502
17 Oct 2022,15:10:56.976,27,5827,739502
17 Oct 2022,15:10:58.976,27,5883,740526
17 Oct 2022,15:10:58.976,27,5544,741526
17 Oct 2022,15:10:58.976,26,5089,742526
17 Oct 2022,15:11:00.575,27,4593,743542
17 Oct 2022,15:11:02.122,27,4421,744696
17 Oct 2022,15:11:02.122,28,4197,745696
17 Oct 2022,15:11:04.056,27,5312,746696
17 Oct 2022,15:11:04.056,27,5930,747696
17 Oct 2022,15:11:06.277,28,6533,748696
17 Oct 2022,15:11:06.277,27,6353,749698
17 Oct 2022,15:11:07.447,27,6212,750698
17 Oct 2022,15:11:10.341,27,5907,751698
17 Oct 2022,15:11:10.341,27,5764,752698
17 Oct 2022,15:11:11.737,27,5886,753698
17 Oct 2022,15:11:11.737,26,5949,754804
17 Oct 2022,15:11:12.666,27,5785,755826
17 Oct 2022,15:11:15.455,27,5266,756844
17 Oct 2022,15:11:15.455,26,5027,757844
17 Oct 2022,15:11:15.455,28,4929,758844
17 Oct 2022,15:11:17.226,27,5213,759872
17 Oct 2022,15:11:17.226,27,5383,760872
17 Oct 2022,15:11:18.411,27,5682,761872
17 Oct 2022,15:11:20.751,27,2991,762912
17 Oct 2022,15:11:20.751,27,5691,763912
17 Oct 2022,15:11:23.169,27,5614,764994
17 Oct 2022,15:11:23.169,27,5446,765994
17 Oct 2022,15:11:25.192,27,4216,766994
17 Oct 2022,15:11:25.192,27,5059,768004
17 Oct 2022,15:11:26.646,28,4773,769004
17 Oct 2022,15:11:26.646,28,4800,770070
17 Oct 2022,15:11:28.824,27,4873,771070
17 Oct 2022,15:11:28.824,26,4950,772070
17 Oct 2022,15:11:30.442,27,4910,773264
17 Oct 2022,15:11:32.364,27,5330,774264
17 Oct 2022,15:11:32.364,27,5554,775264
17 Oct 2022,15:11:34.269,28,5742,776264
17 Oct 2022,15:11:34.269,28,5050,777264
17 Oct 2022,15:11:35.766,27,6382,778420
17 Oct 2022,15:11:35.766,28,6313,779420
17 Oct 2022,15:11:37.791,28,6267,780420
17 Oct 2022,15:11:37.791,27,5598,781420
17 Oct 2022,15:11:40.537,27,5195,782420
17 Oct 2022,15:11:40.537,27,4984,783420
17 Oct 2022,15:11:41.665,27,5504,784458
17 Oct 2022,15:11:43.476,27,5777,785458
17 Oct 2022,15:11:43.476,27,5684,786606
17 Oct 2022,15:11:45.412,27,4878,787608
17 Oct 2022,15:11:45.412,27,4952,788608
17 Oct 2022,15:11:46.926,27,853,789608
17 Oct 2022,15:11:48.758,27,3853,790630
17 Oct 2022,15:11:48.758,27,3814,791630
17 Oct 2022,15:11:48.758,28,4496,792630
17 Oct 2022,15:11:50.556,27,3134,793630
17 Oct 2022,15:11:52.101,27,4869,794630
17 Oct 2022,15:11:52.101,27,5628,795630
17 Oct 2022,15:11:54.021,27,5789,796630
17 Oct 2022,15:11:54.021,26,5696,797764
17 Oct 2022,15:11:55.911,28,5106,798764
17 Oct 2022,15:11:57.370,27,1577,799764
17 Oct 2022,15:11:57.370,26,4948,800764
17 Oct 2022,15:11:59.332,28,5302,801764
17 Oct 2022,15:11:59.332,27,2699,802764
17 Oct 2022,15:12:01.463,27,5803,803764
17 Oct 2022,15:12:01.463,26,6135,804764
17 Oct 2022,15:12:03.052,27,6174,805764
17 Oct 2022,15:12:05.379,27,3831,806764
17 Oct 2022,15:12:05.379,26,3764,807768
17 Oct 2022,15:12:06.876,26,5673,808772
17 Oct 2022,15:12:06.876,27,5962,809814
17 Oct 2022,15:12:08.421,27,6211,810814
17 Oct 2022,15:12:08.421,26,6076,811900
17 Oct 2022,15:12:10.506,28,5814,812900
17 Oct 2022,15:12:10.506,27,3479,813900
17 Oct 2022,15:12:12.682,27,6264,815040
17 Oct 2022,15:12:12.682,26,6479,816040
17 Oct 2022,15:12:14.213,27,6355,817158
17 Oct 2022,15:12:16.446,26,6484,818158
17 Oct 2022,15:12:16.446,26,6615,819158
17 Oct 2022,15:12:18.045,27,6332,820246
17 Oct 2022,15:12:18.045,27,5680,821246
17 Oct 2022,15:12:20.182,27,5246,822316
17 Oct 2022,15:12:21.666,27,5195,823346
17 Oct 2022,15:12:21.666,26,5279,824346
17 Oct 2022,15:12:23.437,27,5327,825476
17 Oct 2022,15:12:23.437,27,4218,826476
17 Oct 2022,15:12:25.432,26,5131,827524
17 Oct 2022,15:12:25.432,27,5159,828524
17 Oct 2022,15:12:27.096,27,5439,829524
17 Oct 2022,15:12:27.096,27,5211,830534
17 Oct 2022,15:12:29.062,26,5787,831534
17 Oct 2022,15:12:29.062,28,5712,832534
17 Oct 2022,15:12:30.861,27,5843,833536
17 Oct 2022,15:12:30.861,27,6116,834536
17 Oct 2022,15:12:33.024,26,6255,835536
17 Oct 2022,15:12:33.024,27,6424,836536
17 Oct 2022,15:12:34.584,27,6549,837548
17 Oct 2022,15:12:36.742,27,6642,838684
17 Oct 2022,15:12:36.742,26,6601,839684
17 Oct 2022,15:12:36.742,27,6332,840684
17 Oct 2022,15:12:38.767,27,5702,841714
17 Oct 2022,15:12:40.867,26,5771,842714
17 Oct 2022,15:12:40.867,26,5918,843714
17 Oct 2022,15:12:42.321,27,5845,844714
17 Oct 2022,15:12:42.321,27,5704,845718
17 Oct 2022,15:12:44.183,26,5309,846868
17 Oct 2022,15:12:44.183,26,5188,847868
17 Oct 2022,15:12:46.193,27,5065,848868
17 Oct 2022,15:12:48.263,27,1184,849900
17 Oct 2022,15:12:48.263,26,5408,850900
17 Oct 2022,15:12:48.263,26,5654,851900
17 Oct 2022,15:12:50.767,26,5468,852900
17 Oct 2022,15:12:50.767,27,5377,853900
17 Oct 2022,15:12:52.148,27,5033,854932
17 Oct 2022,15:12:54.143,27,5084,855932
17 Oct 2022,15:12:54.143,26,6029,856932
17 Oct 2022,15:12:56.077,27,6123,858032
17 Oct 2022,15:12:56.077,27,6244,859040
17 Oct 2022,15:12:57.551,27,5916,860040
17 Oct 2022,15:12:57.551,25,1765,861040
17 Oct 2022,15:12:59.602,27,1767,862040
17 Oct 2022,15:12:59.602,26,5651,863040
17 Oct 2022,15:13:01.359,26,6000,864040
17 Oct 2022,15:13:01.359,27,6269,865040
17 Oct 2022,15:13:02.812,26,6273,866040
17 Oct 2022,15:13:04.793,25,6187,867040
17 Oct 2022,15:13:04.793,26,2413,868040
17 Oct 2022,15:13:06.966,25,6466,869188
17 Oct 2022,15:13:06.966,26,6845,870188
17 Oct 2022,15:13:08.032,26,6699,871188
17 Oct 2022,15:13:10.842,25,6712,872188
17 Oct 2022,15:13:10.842,25,6395,873188
17 Oct 2022,15:13:12.217,26,6306,874188
17 Oct 2022,15:13:12.217,26,3372,875190
17 Oct 2022,15:13:13.672,25,5801,876190
17 Oct 2022,15:13:13.672,25,5717,877190
17 Oct 2022,15:13:15.952,26,5960,878190
17 Oct 2022,15:13:15.952,26,6230,879190
17 Oct 2022,15:13:17.616,25,6183,880190
17 Oct 2022,15:13:17.616,25,5892,881190
17 Oct 2022,15:13:19.163,26,5363,882240
17 Oct 2022,15:13:21.337,25,5003,883324
17 Oct 2022,15:13:21.337,25,4963,884324
17 Oct 2022,15:13:21.337,26,2815,885324
17 Oct 2022,15:13:23.333,26,5787,886352
17 Oct 2022,15:13:24.892,25,6130,887352
17 Oct 2022,15:13:24.892,25,6149,888352
17 Oct 2022,15:13:27.068,26,3121,889402
17 Oct 2022,15:13:27.068,25,5808,890532
17 Oct 2022,15:13:28.807,25,5628,891532
17 Oct 2022,15:13:28.807,26,5798,892532
17 Oct 2022,15:13:30.967,26,5938,893532
17 Oct 2022,15:13:32.498,25,6094,894532
17 Oct 2022,15:13:32.498,25,6023,895562
17 Oct 2022,15:13:34.612,26,3278,896766
17 Oct 2022,15:13:34.612,25,5280,897766
17 Oct 2022,15:13:36.217,25,6585,898766
17 Oct 2022,15:13:36.217,26,6227,899766
17 Oct 2022,15:13:38.197,26,5900,900798
17 Oct 2022,15:13:38.197,25,5993,901924
17 Oct 2022,15:13:40.042,26,5569,902924
17 Oct 2022,15:13:41.468,26,2495,903924
17 Oct 2022,15:13:41.468,26,5726,904924
17 Oct 2022,15:13:43.733,26,2396,906006
17 Oct 2022,15:13:43.733,25,5905,907132
17 Oct 2022,15:13:45.817,25,5724,908132
17 Oct 2022,15:13:45.817,24,2646,909132
17 Oct 2022,15:13:47.110,24,2346,910132
17 Oct 2022,15:13:48.986,24,5607,911132
17 Oct 2022,15:13:48.986,24,5814,912132
17 Oct 2022,15:13:51.232,23,5975,913132
17 Oct 2022,15:13:51.232,24,6139,914132
17 Oct 2022,15:13:53.152,23,6278,915132
17 Oct 2022,15:13:53.152,23,6197,916136
17 Oct 2022,15:13:54.802,23,5710,917136
17 Oct 2022,15:13:54.802,23,5286,918340
17 Oct 2022,15:13:56.888,23,5600,919340
17 Oct 2022,15:13:56.888,24,5902,920340
17 Oct 2022,15:13:58.378,24,6213,921352
17 Oct 2022,15:14:00.892,23,6051,922352
17 Oct 2022,15:14:00.892,24,6029,923498
17 Oct 2022,15:14:02.366,24,5748,924504
17 Oct 2022,15:14:02.366,24,4857,925504
17 Oct 2022,15:14:04.327,23,5520,926504
17 Oct 2022,15:14:04.327,23,5458,927504
17 Oct 2022,15:14:06.729,23,5293,928504
17 Oct 2022,15:14:06.729,24,5373,929504
17 Oct 2022,15:14:08.242,24,5766,930504
17 Oct 2022,15:14:08.242,24,5895,931504
17 Oct 2022,15:14:09.777,23,5657,932504
17 Oct 2022,15:14:09.777,24,5187,933504
17 Oct 2022,15:14:12.593,24,5184,934528
17 Oct 2022,15:14:12.593,23,5267,935528
17 Oct 2022,15:14:14.063,23,5812,936528
17 Oct 2022,15:14:14.063,24,5923,937636
17 Oct 2022,15:14:16.312,24,5900,938636
17 Oct 2022,15:14:16.312,23,5354,939636
17 Oct 2022,15:14:17.963,23,5296,940636
17 Oct 2022,15:14:17.963,24,5375,941636
17 Oct 2022,15:14:19.377,24,5762,942636
17 Oct 2022,15:14:21.518,23,6205,943636
17 Oct 2022,15:14:21.518,23,6556,944636
17 Oct 2022,15:14:23.663,24,6465,945636
17 Oct 2022,15:14:23.663,24,6229,946636
17 Oct 2022,15:14:25.283,23,6078,947636
17 Oct 2022,15:14:25.283,23,6263,948636
17 Oct 2022,15:14:27.188,24,6206,949636
17 Oct 2022,15:14:27.188,23,6087,950636
17 Oct 2022,15:14:29.138,23,5797,951772
17 Oct 2022,15:14:29.138,24,5820,952772
17 Oct 2022,15:14:30.578,24,5698,953772
17 Oct 2022,15:14:32.752,23,5791,954772
17 Oct 2022,15:14:32.752,23,5738,955772
17 Oct 2022,15:14:34.764,24,5859,956772
17 Oct 2022,15:14:34.764,24,6131,957776
17 Oct 2022,15:14:36.925,23,6279,958776
17 Oct 2022,15:14:36.925,23,6463,959776
17 Oct 2022,15:14:38.125,24,6149,960776
17 Oct 2022,15:14:38.125,24,5930,961834
17 Oct 2022,15:14:40.254,24,5717,962932
17 Oct 2022,15:14:42.128,24,5494,963964
17 Oct 2022,15:14:42.128,24,5390,964964
17 Oct 2022,15:14:43.748,23,5184,965964
17 Oct 2022,15:14:43.748,24,5439,966964
17 Oct 2022,15:14:46.538,24,4347,967964
17 Oct 2022,15:14:46.538,24,1900,968964
17 Oct 2022,15:14:47.408,23,992,969964
17 Oct 2022,15:14:49.237,24,6335,970966
17 Oct 2022,15:14:49.237,24,6256,971966
17 Oct 2022,15:14:49.237,25,5752,972966
17 Oct 2022,15:14:52.163,24,5450,974092
17 Oct 2022,15:14:52.163,23,5539,975092
17 Oct 2022,15:14:53.558,24,5770,976130
17 Oct 2022,15:14:53.558,24,6216,977130
17 Oct 2022,15:14:55.628,23,6327,978130
17 Oct 2022,15:14:55.628,24,6284,979130
17 Oct 2022,15:14:57.233,24,5855,980130
17 Oct 2022,15:14:59.381,23,5749,981130
17 Oct 2022,15:14:59.381,24,5840,982326
17 Oct 2022,15:15:02.199,24,6561,983326
17 Oct 2022,15:15:02.199,24,6971,984326
17 Oct 2022,15:15:03.249,24,7021,985326
17 Oct 2022,15:15:03.249,24,6667,986326
17 Oct 2022,15:15:05.227,23,6054,987326
17 Oct 2022,15:15:05.227,24,5406,988326
17 Oct 2022,15:15:07.029,24,5074,989326
17 Oct 2022,15:15:07.029,23,5096,990460
17 Oct 2022,15:15:08.589,23,5506,991506
17 Oct 2022,15:15:10.749,24,5815,992514
17 Oct 2022,15:15:10.749,23,5915,993514
17 Oct 2022,15:15:10.749,23,5453,994514
17 Oct 2022,15:15:13.028,24,5159,995668
17 Oct 2022,15:15:13.028,23,5326,996672
17 Oct 2022,15:15:14.394,23,5686,997672
17 Oct 2022,15:15:17.259,23,6172,998672
17 Oct 2022,15:15:17.259,24,6501,999672
17 Oct 2022,15:15:18.789,24,6463,1000672
17 Oct 2022,15:15:18.789,23,6128,1001796
17 Oct 2022,15:15:21.008,23,5725,1002798
17 Oct 2022,15:15:21.008,23,5741,1003856
17 Oct 2022,15:15:23.078,23,5737,1004856
17 Oct 2022,15:15:23.078,23,5482,1005856
17 Oct 2022,15:15:25.193,24,5253,1006952
17 Oct 2022,15:15:25.193,24,5306,1007952
17 Oct 2022,15:15:27.084,24,5303,1009060
17 Oct 2022,15:15:27.084,24,5439,1010060
17 Oct 2022,15:15:29.139,24,5462,1011060
17 Oct 2022,15:15:29.139,24,5701,1012128
17 Oct 2022,15:15:30.863,23,5509,1013128
17 Oct 2022,15:15:30.863,23,5235,1014268
17 Oct 2022,15:15:32.963,25,5227,1015268
17 Oct 2022,15:15:32.963,24,5537,1016268
17 Oct 2022,15:15:35.048,24,5828,1017272
17 Oct 2022,15:15:35.048,24,5752,1018272
17 Oct 2022,15:15:37.299,23,5974,1019272
17 Oct 2022,15:15:37.299,23,6164,1020272
17 Oct 2022,15:15:39.563,23,6591,1021272
17 Oct 2022,15:15:39.563,24,6332,1022272
17 Oct 2022,15:15:41.753,24,6136,1023274
17 Oct 2022,15:15:41.753,24,2642,1024274
17 Oct 2022,15:15:43.284,23,6269,1025428
17 Oct 2022,15:15:43.284,23,5847,1026428
17 Oct 2022,15:15:45.533,24,5421,1027428
17 Oct 2022,15:15:45.533,24,5532,1028458
17 Oct 2022,15:15:47.242,24,5636,1029458
17 Oct 2022,15:15:47.242,23,5768,1030458
17 Oct 2022,15:15:49.088,23,5228,1031458
17 Oct 2022,15:15:49.088,24,4970,1032458
17 Oct 2022,15:15:51.686,23,4961,1033612
17 Oct 2022,15:15:51.686,23,4986,1034612
17 Oct 2022,15:15:53.049,24,5159,1035612
17 Oct 2022,15:15:55.178,24,2831,1036656
17 Oct 2022,15:15:55.178,24,5552,1037656
17 Oct 2022,15:15:55.178,23,5776,1038656
17 Oct 2022,15:15:57.401,23,5841,1039656
17 Oct 2022,15:15:57.401,24,5873,1040656
17 Oct 2022,15:15:58.883,24,4220,1041778
17 Oct 2022,15:16:00.699,23,5801,1042778
17 Oct 2022,15:16:00.699,23,6318,1043778
17 Oct 2022,15:16:02.709,24,4383,1044778
17 Oct 2022,15:16:02.709,23,2106,1045778
17 Oct 2022,15:16:04.072,23,6020,1046778
17 Oct 2022,15:16:04.072,24,5803,1047778
17 Oct 2022,15:16:06.880,23,5610,1048778
17 Oct 2022,15:16:06.880,23,5335,1049778
17 Oct 2022,15:16:08.109,24,4872,1050778
17 Oct 2022,15:16:10.343,23,3866,1051856
17 Oct 2022,15:16:10.343,23,4303,1052956
17 Oct 2022,15:16:10.343,22,4709,1053956
17 Oct 2022,15:16:12.489,24,4900,1054956
17 Oct 2022,15:16:12.489,23,4852,1055982
17 Oct 2022,15:16:13.749,22,5311,1057098
17 Oct 2022,15:16:16.118,24,5761,1058164
17 Oct 2022,15:16:16.118,23,5845,1059164
17 Oct 2022,15:16:18.398,23,6089,1060164
17 Oct 2022,15:16:18.398,23,5953,1061164
17 Oct 2022,15:16:19.734,23,6098,1062246
17 Oct 2022,15:16:22.169,23,5715,1063424
17 Oct 2022,15:16:22.169,23,5463,1064424
17 Oct 2022,15:16:22.169,22,5612,1065424
17 Oct 2022,15:16:23.708,24,5721,1066424
17 Oct 2022,15:16:23.708,23,6084,1067480
17 Oct 2022,15:16:25.133,22,6200,1068580
17 Oct 2022,15:16:27.834,23,6061,1069580
17 Oct 2022,15:16:27.834,23,3384,1070630
17 Oct 2022,15:16:30.414,23,5693,1071630
17 Oct 2022,15:16:30.414,22,5702,1072630
17 Oct 2022,15:16:30.414,22,5683,1073630
17 Oct 2022,15:16:30.414,23,5510,1074630
17 Oct 2022,15:16:32.876,23,5434,1075630
17 Oct 2022,15:16:34.793,22,5482,1076764
17 Oct 2022,15:16:34.793,22,5574,1077764
17 Oct 2022,15:16:34.793,23,5681,1078764
17 Oct 2022,15:16:38.289,23,5545,1079790
17 Oct 2022,15:16:38.289,22,4991,1080790
17 Oct 2022,15:16:38.289,23,5498,1081790
17 Oct 2022,15:16:40.838,23,6147,1082790
17 Oct 2022,15:16:40.838,23,6544,1083790
17 Oct 2022,15:16:40.838,22,6240,1084790
17 Oct 2022,15:16:43.343,23,6095,1085790
17 Oct 2022,15:16:43.343,23,5938,1086790
17 Oct 2022,15:16:45.279,22,5908,1087924
17 Oct 2022,15:16:45.279,22,5904,1088924
17 Oct 2022,15:16:47.573,23,6018,1089924
17 Oct 2022,15:16:49.044,22,6096,1090954
17 Oct 2022,15:16:49.044,22,6211,1091954
17 Oct 2022,15:16:49.044,22,3562,1092954
17 Oct 2022,15:16:51.249,22,5762,1093954
17 Oct 2022,15:16:51.249,22,5437,1094954
17 Oct 2022,15:16:52.990,22,5265,1096108
17 Oct 2022,15:16:54.506,22,5423,1097108
17 Oct 2022,15:16:54.506,22,5613,1098108
17 Oct 2022,15:16:56.394,22,5880,1099108
17 Oct 2022,15:16:56.394,22,5965,1100108
17 Oct 2022,15:16:57.894,21,5983,1101108
17 Oct 2022,15:16:59.740,22,6213,1102108
17 Oct 2022,15:16:59.740,22,6544,1103108
17 Oct 2022,15:17:01.647,21,6749,1104108
17 Oct 2022,15:17:01.647,21,6797,1105108
17 Oct 2022,15:17:03.152,22,5462,1106108
17 Oct 2022,15:17:05.140,21,6390,1107108
17 Oct 2022,15:17:05.140,21,6057,1108108
17 Oct 2022,15:17:07.898,22,5779,1109108
17 Oct 2022,15:17:07.898,22,5983,1110246
17 Oct 2022,15:17:08.831,21,5775,1111246
17 Oct 2022,15:17:08.831,22,5761,1112246
17 Oct 2022,15:17:11.079,22,5279,1113272
17 Oct 2022,15:17:11.079,22,5691,1114272
17 Oct 2022,15:17:13.148,22,6071,1115272
17 Oct 2022,15:17:13.148,22,6487,1116272
17 Oct 2022,15:17:14.214,22,6758,1117276
17 Oct 2022,15:17:16.254,22,6678,1118476
17 Oct 2022,15:17:16.254,22,6542,1119476
17 Oct 2022,15:17:18.428,23,6357,1120476
17 Oct 2022,15:17:18.428,22,6467,1121476
17 Oct 2022,15:17:20.064,22,6619,1122492
17 Oct 2022,15:17:20.064,22,6517,1123636
17 Oct 2022,15:17:22.465,22,5945,1124636
17 Oct 2022,15:17:22.465,22,2983,1125636
17 Oct 2022,15:17:23.979,22,5166,1126636
17 Oct 2022,15:17:25.358,22,5276,1127638
17 Oct 2022,15:17:25.358,22,5635,1128638
17 Oct 2022,15:17:28.239,21,5453,1129638
17 Oct 2022,15:17:28.239,22,5102,1130638
17 Oct 2022,15:17:29.784,22,4968,1131658
17 Oct 2022,15:17:29.784,22,5186,1132802
17 Oct 2022,15:17:31.899,21,5462,1133802
17 Oct 2022,15:17:31.899,21,5734,1134802
17 Oct 2022,15:17:34.074,21,6417,1135802
17 Oct 2022,15:17:34.074,21,6848,1136802
17 Oct 2022,15:17:35.576,20,6562,1137904
17 Oct 2022,15:17:35.576,21,6263,1138904
17 Oct 2022,15:17:37.871,22,5871,1140004
17 Oct 2022,15:17:37.871,22,6036,1141004
17 Oct 2022,15:17:40.014,22,5705,1142004
17 Oct 2022,15:17:40.014,21,5588,1143004
17 Oct 2022,15:17:41.663,22,5290,1144004
17 Oct 2022,15:17:41.663,21,5327,1145004
17 Oct 2022,15:17:43.615,21,5237,1146004
17 Oct 2022,15:17:43.615,21,5416,1147004
17 Oct 2022,15:17:45.899,21,5786,1148004
17 Oct 2022,15:17:45.899,22,6074,1149004
17 Oct 2022,15:17:47.845,22,6084,1150004
17 Oct 2022,15:17:49.211,22,5914,1151054
17 Oct 2022,15:17:49.211,22,5700,1152054
17 Oct 2022,15:17:49.211,22,5738,1153054
17 Oct 2022,15:17:52.074,21,5815,1154140
17 Oct 2022,15:17:52.074,21,5846,1155140
17 Oct 2022,15:17:53.614,21,5803,1156140
17 Oct 2022,15:17:53.614,21,5965,1157140
17 Oct 2022,15:17:56.289,22,6420,1158140
17 Oct 2022,15:17:56.289,22,4656,1159166
17 Oct 2022,15:17:58.245,22,6389,1160168
17 Oct 2022,15:17:58.245,22,6118,1161174
17 Oct 2022,15:18:00.115,21,6134,1162324
17 Oct 2022,15:18:00.115,21,6040,1163324
17 Oct 2022,15:18:03.233,23,6080,1164324
17 Oct 2022,15:18:03.233,22,5502,1165324
17 Oct 2022,15:18:04.599,22,6161,1166362
17 Oct 2022,15:18:04.599,22,6241,1167362
17 Oct 2022,15:18:04.599,22,6253,1168362
17 Oct 2022,15:18:07.075,22,6103,1169362
17 Oct 2022,15:18:07.075,21,6219,1170508
17 Oct 2022,15:18:08.604,22,6638,1171508
17 Oct 2022,15:18:08.604,22,6473,1172508
17 Oct 2022,15:18:10.779,22,6725,1173540
17 Oct 2022,15:18:10.779,22,6174,1174540
17 Oct 2022,15:18:13.615,22,5798,1175540
17 Oct 2022,15:18:13.615,22,6317,1176540
17 Oct 2022,15:18:15.189,22,6383,1177540
17 Oct 2022,15:18:15.189,21,6351,1178692
17 Oct 2022,15:18:18.944,22,6429,1179692
17 Oct 2022,15:18:18.944,22,6374,1180692
17 Oct 2022,15:18:18.944,22,6315,1181722
17 Oct 2022,15:18:18.944,22,6153,1182722
17 Oct 2022,15:18:21.729,22,6163,1183722
17 Oct 2022,15:18:21.729,22,6364,1184722
17 Oct 2022,15:18:23.829,21,6386,1185722
17 Oct 2022,15:18:23.829,22,6503,1186876
17 Oct 2022,15:18:24.939,22,6597,1187918
17 Oct 2022,15:18:27.119,22,6099,1188918
17 Oct 2022,15:18:27.119,22,5847,1189918
17 Oct 2022,15:18:27.119,21,5341,1190918
17 Oct 2022,15:18:29.380,21,5396,1191918
17 Oct 2022,15:18:29.380,22,5528,1192966
17 Oct 2022,15:18:30.955,22,5603,1194006
17 Oct 2022,15:18:33.476,22,5481,1195060
17 Oct 2022,15:18:33.476,21,5099,1196060
17 Oct 2022,15:18:34.584,21,5138,1197060
17 Oct 2022,15:18:34.584,22,5351,1198126
17 Oct 2022,15:18:36.520,22,6178,1199126
17 Oct 2022,15:18:36.520,21,6185,1200268
17 Oct 2022,15:18:38.443,22,5948,1201268
17 Oct 2022,15:18:38.443,21,5910,1202274
17 Oct 2022,15:18:40.330,21,6120,1203370
17 Oct 2022,15:18:42.384,21,6171,1204370
17 Oct 2022,15:18:42.384,21,6091,1205476
17 Oct 2022,15:18:44.304,21,5296,1206476
17 Oct 2022,15:18:44.304,21,6345,1207476
17 Oct 2022,15:18:45.789,20,6158,1208476
17 Oct 2022,15:18:45.789,20,5859,1209476
17 Oct 2022,15:18:48.303,21,5967,1210476
17 Oct 2022,15:18:49.585,21,6364,1211480
17 Oct 2022,15:18:49.585,21,6424,1212480
17 Oct 2022,15:18:49.585,20,6409,1213480
17 Oct 2022,15:18:50.934,20,6028,1214480
17 Oct 2022,15:18:53.250,21,5742,1215480
17 Oct 2022,15:18:53.250,21,5623,1216636
17 Oct 2022,15:18:55.720,21,5427,1217636
17 Oct 2022,15:18:55.720,20,5884,1218636
17 Oct 2022,15:18:55.720,20,6489,1219636
17 Oct 2022,15:18:58.870,21,7233,1220636
17 Oct 2022,15:18:58.870,21,7055,1221638
17 Oct 2022,15:19:00.699,21,7054,1222638
17 Oct 2022,15:19:00.699,21,6618,1223638
17 Oct 2022,15:19:02.140,20,6445,1224638
17 Oct 2022,15:19:02.140,21,5900,1225640
17 Oct 2022,15:19:04.165,21,5571,1226678
17 Oct 2022,15:19:04.165,21,5288,1227796
17 Oct 2022,15:19:06.355,21,5289,1228796
17 Oct 2022,15:19:06.355,21,5856,1229796
17 Oct 2022,15:19:08.544,21,4831,1230796
17 Oct 2022,15:19:09.971,21,6241,1231796
17 Oct 2022,15:19:09.971,21,6173,1232796
17 Oct 2022,15:19:11.605,21,6563,1233796
17 Oct 2022,15:19:11.605,20,6547,1234796
17 Oct 2022,15:19:13.765,20,6732,1235796
17 Oct 2022,15:19:13.765,21,6619,1236796
17 Oct 2022,15:19:16.046,21,6711,1237822
17 Oct 2022,15:19:16.046,21,6280,1238956
17 Oct 2022,15:19:18.144,21,6252,1239956
17 Oct 2022,15:19:18.144,21,6622,1240956
17 Oct 2022,15:19:19.764,21,6596,1241956
17 Oct 2022,15:19:19.764,21,6219,1242956
17 Oct 2022,15:19:22.075,21,5687,1243956
17 Oct 2022,15:19:22.075,21,5701,1244956
17 Oct 2022,15:19:23.740,21,5972,1245956
17 Oct 2022,15:19:23.740,21,6117,1246956
17 Oct 2022,15:19:26.034,21,6157,1247956
17 Oct 2022,15:19:26.034,22,5674,1248956
17 Oct 2022,15:19:28.485,22,5372,1249956
17 Oct 2022,15:19:28.485,21,5112,1250960
17 Oct 2022,15:19:30.106,21,5079,1251960
17 Oct 2022,15:19:30.106,21,5679,1253092
17 Oct 2022,15:19:32.515,21,6294,1254092
17 Oct 2022,15:19:32.515,22,6234,1255092
17 Oct 2022,15:19:34.617,21,5630,1256122
17 Oct 2022,15:19:34.617,21,5048,1257122
17 Oct 2022,15:19:36.399,21,5194,1258238
17 Oct 2022,15:19:36.399,20,5903,1259238
17 Oct 2022,15:19:36.399,21,6512,1260238
17 Oct 2022,15:19:38.680,21,6433,1261326
17 Oct 2022,15:19:39.954,21,6112,1262326
17 Oct 2022,15:19:39.954,21,5966,1263414
17 Oct 2022,15:19:42.415,21,6119,1264414
17 Oct 2022,15:19:42.415,21,6108,1265414
17 Oct 2022,15:19:43.854,21,5902,1266484
17 Oct 2022,15:19:43.854,20,5962,1267484
17 Oct 2022,15:19:46.556,22,6024,1268484
17 Oct 2022,15:19:46.556,21,5947,1269514
17 Oct 2022,15:19:48.700,21,5772,1270514
17 Oct 2022,15:19:48.700,20,5782,1271514
17 Oct 2022,15:19:49.720,20,6120,1272514
17 Oct 2022,15:19:49.720,21,5926,1273534
17 Oct 2022,15:19:52.570,21,5544,1274668
17 Oct 2022,15:19:52.570,20,5007,1275668
17 Oct 2022,15:19:52.570,21,5051,1276668
17 Oct 2022,15:19:55.301,21,5305,1277668
17 Oct 2022,15:19:55.301,21,5572,1278740
17 Oct 2022,15:19:57.175,20,5267,1279876
17 Oct 2022,15:19:57.175,21,4515,1280876
17 Oct 2022,15:19:59.158,21,4131,1281876
17 Oct 2022,15:20:00.925,21,4331,1282876
17 Oct 2022,15:20:00.925,21,4994,1283876
17 Oct 2022,15:20:03.026,21,5581,1284880
17 Oct 2022,15:20:03.026,21,5432,1285880
17 Oct 2022,15:20:04.615,21,5322,1286880
17 Oct 2022,15:20:04.615,20,5469,1287880
17 Oct 2022,15:20:06.730,20,5998,1288998
17 Oct 2022,15:20:06.730,20,6587,1289998
17 Oct 2022,15:20:08.756,20,7049,1291036
17 Oct 2022,15:20:08.756,21,7106,1292036
17 Oct 2022,15:20:08.756,20,6874,1293036
17 Oct 2022,15:20:11.710,20,6615,1294036
17 Oct 2022,15:20:11.710,20,6606,1295036
17 Oct 2022,15:20:13.915,20,6502,1296036
17 Oct 2022,15:20:13.915,21,6496,1297036
17 Oct 2022,15:20:13.915,20,6043,1298036
17 Oct 2022,15:20:16.915,20,5820,1299036
17 Oct 2022,15:20:16.915,20,5616,1300036
17 Oct 2022,15:20:16.915,20,5790,1301036
17 Oct 2022,15:20:19.871,21,5916,1302036
17 Oct 2022,15:20:19.871,20,5872,1303036
17 Oct 2022,15:20:19.871,20,5709,1304036
17 Oct 2022,15:20:22.150,21,5823,1305172
17 Oct 2022,15:20:22.150,20,6215,1306172
17 Oct 2022,15:20:24.535,20,6379,1307172
17 Oct 2022,15:20:24.535,21,6294,1308172
17 Oct 2022,15:20:26.175,21,5885,1309172
17 Oct 2022,15:20:26.175,20,5464,1310172
17 Oct 2022,15:20:28.873,20,5089,1311172
17 Oct 2022,15:20:28.873,21,4828,1312172
17 Oct 2022,15:20:28.873,21,5069,1313172
17 Oct 2022,15:20:32.433,20,5287,1314172
17 Oct 2022,15:20:32.433,20,5613,1315172
17 Oct 2022,15:20:34.063,21,5666,1316172
17 Oct 2022,15:20:34.063,20,5964,1317172
17 Oct 2022,15:20:36.985,20,6169,1318172
17 Oct 2022,15:20:36.985,20,6339,1319308
17 Oct 2022,15:20:36.985,20,5917,1320346
17 Oct 2022,15:20:38.426,20,5704,1321346
17 Oct 2022,15:20:40.241,20,5370,1322346
17 Oct 2022,15:20:40.241,20,5550,1323346
17 Oct 2022,15:20:43.165,21,5637,1324346
17 Oct 2022,15:20:43.165,21,6078,1325346
17 Oct 2022,15:20:43.165,20,6304,1326346
17 Oct 2022,15:20:45.944,21,6386,1327492
17 Oct 2022,15:20:45.944,21,6358,1328494
17 Oct 2022,15:20:47.006,21,6169,1329494
17 Oct 2022,15:20:47.006,20,6133,1330596
17 Oct 2022,15:20:48.955,20,5790,1331596
17 Oct 2022,15:20:50.696,21,5654,1332750
17 Oct 2022,15:20:50.696,20,5650,1333750
17 Oct 2022,15:20:50.696,20,5726,1334750
17 Oct 2022,15:20:52.871,21,5855,1335750
17 Oct 2022,15:20:52.871,20,5870,1336750
17 Oct 2022,15:20:56.590,20,5735,1337750
17 Oct 2022,15:20:56.590,20,5661,1338750
17 Oct 2022,15:20:56.590,20,5648,1339750
17 Oct 2022,15:20:57.446,31,96,1340832
17 Oct 2022,15:20:59.545,31,4641,1341832
17 Oct 2022,15:20:59.545,30,3802,1342832
17 Oct 2022,15:21:01.870,31,3388,1343860
17 Oct 2022,15:21:01.870,32,3478,1344884
17 Oct 2022,15:21:03.925,31,4196,1345884
17 Oct 2022,15:21:03.925,31,4662,1346884
17 Oct 2022,15:21:05.995,31,5307,1347884
17 Oct 2022,15:21:05.995,31,5368,1348884
17 Oct 2022,15:21:07.106,31,5263,1349884
17 Oct 2022,15:21:07.106,32,5305,1350884
17 Oct 2022,15:21:09.205,32,2986,1351884
17 Oct 2022,15:21:09.205,31,5502,1352884
17 Oct 2022,15:21:11.486,31,5682,1353884
17 Oct 2022,15:21:11.486,32,6235,1355020
17 Oct 2022,15:21:13.005,32,5802,1356030
17 Oct 2022,15:21:14.935,31,6156,1357030
17 Oct 2022,15:21:14.935,31,5552,1358030
17 Oct 2022,15:21:17.156,32,4755,1359038
17 Oct 2022,15:21:17.156,31,4467,1360038
17 Oct 2022,15:21:18.313,31,5133,1361044
17 Oct 2022,15:21:18.313,32,4693,1362044
17 Oct 2022,15:21:20.901,31,5925,1363044
17 Oct 2022,15:21:20.901,32,4716,1364044
17 Oct 2022,15:21:22.497,31,5734,1365044
17 Oct 2022,15:21:23.952,32,2888,1366228
17 Oct 2022,15:21:23.952,31,5891,1367228
17 Oct 2022,15:21:26.156,31,6125,1368228
17 Oct 2022,15:21:26.156,32,6281,1369264
17 Oct 2022,15:21:27.910,31,4850,1370264
17 Oct 2022,15:21:27.910,31,6196,1371388
17 Oct 2022,15:21:29.426,32,5248,1372416
17 Oct 2022,15:21:31.390,32,5393,1373416
17 Oct 2022,15:21:31.390,31,5230,1374416
17 Oct 2022,15:21:33.238,32,5242,1375416
17 Oct 2022,15:21:33.238,31,5390,1376416
17 Oct 2022,15:21:34.691,31,5807,1377416
17 Oct 2022,15:21:36.536,32,6375,1378436
17 Oct 2022,15:21:36.536,31,6622,1379572
17 Oct 2022,15:21:38.351,32,4037,1380572
17 Oct 2022,15:21:38.351,32,5950,1381572
17 Oct 2022,15:21:39.896,31,5498,1382572
17 Oct 2022,15:21:39.896,32,5256,1383572
17 Oct 2022,15:21:41.967,32,5168,1384572
17 Oct 2022,15:21:41.967,31,5332,1385572
17 Oct 2022,15:21:44.096,31,5656,1386572
17 Oct 2022,15:21:44.096,32,4780,1387572
17 Oct 2022,15:21:46.121,31,5965,1388572
17 Oct 2022,15:21:47.696,31,6161,1389572
17 Oct 2022,15:21:47.696,30,6229,1390572
17 Oct 2022,15:21:47.696,31,3941,1391572
17 Oct 2022,15:21:49.949,31,6431,1392572
17 Oct 2022,15:21:51.580,31,6358,1393708
17 Oct 2022,15:21:51.580,31,6156,1394708
17 Oct 2022,15:21:53.141,31,6091,1395724
17 Oct 2022,15:21:53.141,31,5991,1396724
17 Oct 2022,15:21:55.706,31,5714,1397724
17 Oct 2022,15:21:55.706,30,5751,1398724
17 Oct 2022,15:21:56.861,32,5771,1399724
17 Oct 2022,15:21:58.901,32,4502,1400724
17 Oct 2022,15:21:58.901,31,5223,1401724
17 Oct 2022,15:22:01.977,31,5008,1402724
17 Oct 2022,15:22:01.977,30,5032,1403724
17 Oct 2022,15:22:01.977,32,5054,1404868
17 Oct 2022,15:22:04.379,31,5492,1405948
17 Oct 2022,15:22:04.379,30,5909,1407100
17 Oct 2022,15:22:04.379,32,5622,1408100
17 Oct 2022,15:22:06.386,31,5302,1409100
17 Oct 2022,15:22:06.386,31,5757,1410100
17 Oct 2022,15:22:07.871,30,6117,1411186
17 Oct 2022,15:22:09.626,31,6172,1412360
17 Oct 2022,15:22:09.626,31,5820,1413360
17 Oct 2022,15:22:11.789,30,5775,1414360
17 Oct 2022,15:22:11.789,31,5970,1415360
17 Oct 2022,15:22:13.379,31,6002,1416360
17 Oct 2022,15:22:16.004,30,6227,1417516
17 Oct 2022,15:22:16.004,30,6193,1418516
17 Oct 2022,15:22:18.072,30,6394,1419516
17 Oct 2022,15:22:18.072,31,6584,1420516
17 Oct 2022,15:22:19.766,30,6751,1421518
17 Oct 2022,15:22:19.766,30,3200,1422518
17 Oct 2022,15:22:19.766,30,6592,1423518
17 Oct 2022,15:22:22.031,30,6564,1424518
17 Oct 2022,15:22:22.031,30,6689,1425518
17 Oct 2022,15:22:23.666,31,6850,1426518
17 Oct 2022,15:22:25.964,31,5463,1427518
17 Oct 2022,15:22:25.964,30,6483,1428518
17 Oct 2022,15:22:28.107,30,6141,1429518
17 Oct 2022,15:22:28.107,30,6066,1430518
17 Oct 2022,15:22:29.786,31,5427,1431706
17 Oct 2022,15:22:29.786,30,6188,1432706
17 Oct 2022,15:22:29.786,30,6268,1433706
17 Oct 2022,15:22:31.901,29,6523,1434706
17 Oct 2022,15:22:31.901,30,6059,1435706
17 Oct 2022,15:22:33.479,30,5585,1436860
17 Oct 2022,15:22:36.180,29,5221,1437860
17 Oct 2022,15:22:36.180,30,5082,1438860
17 Oct 2022,15:22:37.797,30,5208,1439890
17 Oct 2022,15:22:37.797,30,5656,1440890
17 Oct 2022,15:22:39.387,30,5987,1441890
17 Oct 2022,15:22:39.387,29,6212,1442890
17 Oct 2022,15:22:41.532,30,6315,1443890
17 Oct 2022,15:22:41.532,30,6421,1445044
17 Oct 2022,15:22:43.604,30,6360,1446108
17 Oct 2022,15:22:43.604,31,5967,1447108
17 Oct 2022,15:22:45.118,30,6198,1448108
17 Oct 2022,15:22:47.381,30,6261,1449108
17 Oct 2022,15:22:47.381,31,6392,1450252
17 Oct 2022,15:22:49.032,30,6185,1451254
17 Oct 2022,15:22:49.032,30,5929,1452254
17 Oct 2022,15:22:50.568,29,5944,1453254
17 Oct 2022,15:22:52.661,30,5525,1454274
17 Oct 2022,15:22:52.661,29,5480,1455274
17 Oct 2022,15:22:54.281,30,5530,1456360
17 Oct 2022,15:22:54.281,30,5737,1457360
17 Oct 2022,15:22:56.277,29,5393,1458436
17 Oct 2022,15:22:56.277,29,5070,1459436
17 Oct 2022,15:22:57.881,29,2007,1460436
17 Oct 2022,15:22:57.881,28,5743,1461600
17 Oct 2022,15:22:59.953,30,6210,1462600
17 Oct 2022,15:23:01.662,29,4971,1463694
17 Oct 2022,15:23:01.662,29,6632,1464694
17 Oct 2022,15:23:03.251,28,6921,1465694
17 Oct 2022,15:23:03.251,30,6705,1466694
17 Oct 2022,15:23:05.427,29,6441,1467742
17 Oct 2022,15:23:05.427,29,6082,1468852
17 Oct 2022,15:23:07.394,29,6274,1469852
17 Oct 2022,15:23:07.394,30,6257,1470852
17 Oct 2022,15:23:09.476,30,6543,1471880
17 Oct 2022,15:23:09.476,29,6688,1472880
17 Oct 2022,15:23:11.951,29,6803,1473880
17 Oct 2022,15:23:11.951,28,6447,1474880
17 Oct 2022,15:23:12.836,30,6139,1475880
17 Oct 2022,15:23:15.041,29,6328,1477036
17 Oct 2022,15:23:15.041,29,6180,1478036
17 Oct 2022,15:23:15.041,29,6146,1479036
17 Oct 2022,15:23:17.276,30,5290,1480036
17 Oct 2022,15:23:17.276,30,6372,1481064
17 Oct 2022,15:23:18.822,29,6448,1482064
17 Oct 2022,15:23:21.522,29,6077,1483064
17 Oct 2022,15:23:21.522,29,5785,1484064
17 Oct 2022,15:23:23.157,30,5800,1485272
17 Oct 2022,15:23:23.157,29,5912,1486272
17 Oct 2022,15:23:24.762,29,5902,1487272
17 Oct 2022,15:23:24.762,29,5823,1488272
17 Oct 2022,15:23:26.895,29,5678,1489286
17 Oct 2022,15:23:26.895,29,5644,1490428
17 Oct 2022,15:23:28.947,28,5765,1491454
17 Oct 2022,15:23:28.947,29,5908,1492454
17 Oct 2022,15:23:30.461,29,5997,1493456
17 Oct 2022,15:23:32.202,29,6268,1494456
17 Oct 2022,15:23:32.202,28,6331,1495456
17 Oct 2022,15:23:34.392,29,6395,1496548
17 Oct 2022,15:23:34.392,29,5931,1497548
17 Oct 2022,15:23:35.951,28,5786,1498612
17 Oct 2022,15:23:35.951,28,5536,1499612
17 Oct 2022,15:23:38.052,29,5561,1500612
17 Oct 2022,15:23:38.052,29,5624,1501628
17 Oct 2022,15:23:40.272,28,5592,1502628
17 Oct 2022,15:23:40.272,28,5512,1503628
17 Oct 2022,15:23:42.269,28,4950,1504628
17 Oct 2022,15:23:42.269,29,5135,1505628
17 Oct 2022,15:23:44.007,28,5115,1506728
17 Oct 2022,15:23:44.007,28,5778,1507728
17 Oct 2022,15:23:46.843,28,6008,1508728
17 Oct 2022,15:23:46.843,27,6064,1509772
17 Oct 2022,15:23:48.161,29,5957,1510772
17 Oct 2022,15:23:48.161,29,5933,1511772
17 Oct 2022,15:23:50.037,28,5944,1512798
17 Oct 2022,15:23:50.037,28,5811,1513798
17 Oct 2022,15:23:52.047,28,5582,1514798
17 Oct 2022,15:23:53.787,28,5701,1515798
17 Oct 2022,15:23:53.787,29,5759,1516812
17 Oct 2022,15:23:55.979,28,5832,1517958
17 Oct 2022,15:23:55.979,28,6394,1518958
17 Oct 2022,15:23:55.979,28,6376,1519958
17 Oct 2022,15:23:57.357,29,6477,1520958
17 Oct 2022,15:23:59.295,28,4602,1522028
17 Oct 2022,15:24:01.801,28,6447,1523164
17 Oct 2022,15:24:01.801,29,5886,1524164
17 Oct 2022,15:24:03.313,29,5323,1525164
17 Oct 2022,15:24:03.313,28,5315,1526164
17 Oct 2022,15:24:05.292,28,5842,1527164
17 Oct 2022,15:24:05.292,27,6477,1528164
17 Oct 2022,15:24:07.261,29,6518,1529164
17 Oct 2022,15:24:07.261,28,4202,1530164
17 Oct 2022,15:24:08.652,28,6007,1531164
17 Oct 2022,15:24:08.652,27,5827,1532164
17 Oct 2022,15:24:11.727,27,5436,1533164
17 Oct 2022,15:24:11.727,28,4975,1534164
17 Oct 2022,15:24:13.152,28,4516,1535164
17 Oct 2022,15:24:13.152,28,4850,1536164
17 Oct 2022,15:24:15.117,29,5546,1537300
17 Oct 2022,15:24:15.117,28,5890,1538300
17 Oct 2022,15:24:17.372,28,5766,1539300
17 Oct 2022,15:24:17.372,28,5622,1540300
17 Oct 2022,15:24:18.837,28,5769,1541300
17 Oct 2022,15:24:18.837,29,5745,1542300
17 Oct 2022,15:24:20.608,28,6148,1543306
17 Oct 2022,15:24:20.608,28,6188,1544306
17 Oct 2022,15:24:23.216,28,6496,1545306
17 Oct 2022,15:24:23.216,27,6506,1546306
17 Oct 2022,15:24:24.777,27,6406,1547306
17 Oct 2022,15:24:27.136,28,5057,1548512
17 Oct 2022,15:24:27.136,27,6358,1549512
17 Oct 2022,15:24:27.136,27,6463,1550512
17 Oct 2022,15:24:28.736,28,6479,1551512
17 Oct 2022,15:24:28.736,28,5840,1552512
17 Oct 2022,15:24:30.161,28,6344,1553668
17 Oct 2022,15:24:32.172,28,5916,1554696
17 Oct 2022,15:24:32.172,28,5716,1555696
17 Oct 2022,15:24:33.912,27,5724,1556808
17 Oct 2022,15:24:33.912,28,5912,1557808
17 Oct 2022,15:24:35.458,27,5843,1558876
17 Oct 2022,15:24:37.587,27,5923,1559876
17 Oct 2022,15:24:37.587,28,5928,1560876
17 Oct 2022,15:24:39.673,27,6338,1561884
17 Oct 2022,15:24:39.673,27,5978,1562884
17 Oct 2022,15:24:41.188,27,5750,1563884
17 Oct 2022,15:24:43.302,27,4975,1564930
17 Oct 2022,15:24:43.302,27,4797,1565930
17 Oct 2022,15:24:45.087,27,5070,1567006
17 Oct 2022,15:24:45.087,28,5346,1568006
17 Oct 2022,15:24:47.277,27,5506,1569006
17 Oct 2022,15:24:47.277,27,5303,1570036
17 Oct 2022,15:24:48.807,27,5494,1571036
17 Oct 2022,15:24:48.807,28,5984,1572044
17 Oct 2022,15:24:50.847,27,5969,1573062
17 Oct 2022,15:24:50.847,27,5861,1574062
17 Oct 2022,15:24:52.528,27,5500,1575062
17 Oct 2022,15:24:52.528,27,5852,1576062
17 Oct 2022,15:24:54.507,27,5866,1577094
17 Oct 2022,15:24:54.507,27,6030,1578220
17 Oct 2022,15:24:57.318,26,5809,1579220
17 Oct 2022,15:24:57.318,28,5940,1580220
17 Oct 2022,15:24:58.527,27,5556,1581248
17 Oct 2022,15:25:00.477,27,5930,1582328
17 Oct 2022,15:25:00.477,28,6163,1583428
17 Oct 2022,15:25:02.577,27,3246,1584428
17 Oct 2022,15:25:02.577,27,6321,1585428
17 Oct 2022,15:25:03.795,26,6001,1586428
17 Oct 2022,15:25:03.795,26,5874,1587428
17 Oct 2022,15:25:05.877,27,6021,1588428
17 Oct 2022,15:25:05.877,27,6290,1589430
17 Oct 2022,15:25:07.947,27,6439,1590430
17 Oct 2022,15:25:07.947,26,6283,1591430
17 Oct 2022,15:25:09.537,27,6466,1592478
17 Oct 2022,15:25:11.971,27,6561,1593478
17 Oct 2022,15:25:11.971,26,6293,1594588
17 Oct 2022,15:25:13.348,27,6475,1595588
17 Oct 2022,15:25:13.348,27,6335,1596588
17 Oct 2022,15:25:15.192,27,6256,1597588
17 Oct 2022,15:25:15.192,26,6039,1598588
17 Oct 2022,15:25:17.657,27,6370,1599588
17 Oct 2022,15:25:17.657,27,6539,1600590
17 Oct 2022,15:25:19.183,26,6553,1601590
17 Oct 2022,15:25:19.183,26,6393,1602590
17 Oct 2022,15:25:20.668,27,3785,1603590
17 Oct 2022,15:25:22.680,27,5968,1604590
17 Oct 2022,15:25:22.680,26,5639,1605590
17 Oct 2022,15:25:24.989,26,5205,1606590
17 Oct 2022,15:25:24.989,27,5914,1607590
17 Oct 2022,15:25:26.878,26,5224,1608738
17 Oct 2022,15:25:26.878,26,6686,1609738
17 Oct 2022,15:25:28.244,27,6561,1610738
17 Oct 2022,15:25:28.244,26,6149,1611748
17 Oct 2022,15:25:30.237,26,6062,1612748
17 Oct 2022,15:25:30.237,26,6343,1613748
17 Oct 2022,15:25:32.295,26,6451,1614756
17 Oct 2022,15:25:33.779,26,6133,1615756
17 Oct 2022,15:25:33.779,27,5440,1616908
17 Oct 2022,15:25:35.638,27,4963,1617908
17 Oct 2022,15:25:35.638,27,4803,1618908
17 Oct 2022,15:25:37.754,26,5014,1619908
17 Oct 2022,15:25:37.754,27,5111,1620908
17 Oct 2022,15:25:39.134,27,5348,1621916
17 Oct 2022,15:25:39.134,27,5378,1622916
17 Oct 2022,15:25:41.413,26,5342,1623916
17 Oct 2022,15:25:41.413,27,5105,1624916
17 Oct 2022,15:25:43.003,27,2988,1625924
17 Oct 2022,15:25:45.252,26,5313,1627078
17 Oct 2022,15:25:45.252,26,6079,1628078
17 Oct 2022,15:25:45.252,27,5949,1629078
17 Oct 2022,15:25:47.518,27,6374,1630078
17 Oct 2022,15:25:48.837,26,5984,1631078
17 Oct 2022,15:25:48.837,26,6244,1632080
17 Oct 2022,15:25:50.577,26,6263,1633080
17 Oct 2022,15:25:50.577,27,6180,1634080
17 Oct 2022,15:25:52.861,26,5983,1635080
17 Oct 2022,15:25:52.861,26,5986,1636080
17 Oct 2022,15:25:54.283,27,5971,1637168
17 Oct 2022,15:25:56.294,26,5591,1638168
17 Oct 2022,15:25:56.294,26,5366,1639228
17 Oct 2022,15:25:58.483,26,5353,1640228
17 Oct 2022,15:25:58.483,27,5369,1641228
17 Oct 2022,15:25:59.953,26,5599,1642244
17 Oct 2022,15:25:59.953,26,5983,1643244
17 Oct 2022,15:26:02.399,26,6623,1644244
17 Oct 2022,15:26:02.399,26,6750,1645252
17 Oct 2022,15:26:03.943,26,6872,1646252
17 Oct 2022,15:26:03.943,25,6493,1647358
17 Oct 2022,15:26:05.427,26,6190,1648358
17 Oct 2022,15:26:07.498,26,5857,1649358
17 Oct 2022,15:26:07.498,26,6255,1650388
17 Oct 2022,15:26:09.673,25,6280,1651388
17 Oct 2022,15:26:09.673,26,6479,1652432
17 Oct 2022,15:26:11.157,26,6019,1653432
17 Oct 2022,15:26:11.157,25,5891,1654432
17 Oct 2022,15:26:12.928,26,5975,1655432
17 Oct 2022,15:26:12.928,26,5985,1656432
17 Oct 2022,15:26:14.968,25,6371,1657528
17 Oct 2022,15:26:14.968,26,6168,1658572
17 Oct 2022,15:26:16.512,26,6029,1659572
17 Oct 2022,15:26:18.447,25,5754,1660572
17 Oct 2022,15:26:18.447,25,5824,1661572
17 Oct 2022,15:26:20.293,26,5881,1662658
17 Oct 2022,15:26:20.293,25,5888,1663780
17 Oct 2022,15:26:21.837,26,5825,1664780
17 Oct 2022,15:26:24.012,26,5782,1665808
17 Oct 2022,15:26:24.012,26,5960,1666808
17 Oct 2022,15:26:26.009,25,6216,1667900
17 Oct 2022,15:26:26.009,26,6335,1669040
17 Oct 2022,15:26:27.672,26,6628,1670040
17 Oct 2022,15:26:27.672,25,6685,1671040
17 Oct 2022,15:26:29.338,25,6754,1672040
17 Oct 2022,15:26:29.338,26,6529,1673040
17 Oct 2022,15:26:32.713,26,3484,1674252
17 Oct 2022,15:26:32.713,25,5532,1675252
17 Oct 2022,15:26:34.050,25,6116,1676252
17 Oct 2022,15:26:34.050,25,6156,1677252
17 Oct 2022,15:26:36.417,26,6392,1678252
17 Oct 2022,15:26:36.417,26,6576,1679404
17 Oct 2022,15:26:38.053,25,6828,1680404
17 Oct 2022,15:26:38.053,25,6992,1681404
17 Oct 2022,15:26:39.615,26,6755,1682544
17 Oct 2022,15:26:39.615,25,6296,1683544
17 Oct 2022,15:26:42.946,25,5991,1684612
17 Oct 2022,15:26:42.946,25,6236,1685612
17 Oct 2022,15:26:44.188,24,6376,1686612
17 Oct 2022,15:26:44.188,25,6541,1687724
17 Oct 2022,15:26:46.114,25,5998,1688724
17 Oct 2022,15:26:46.114,25,5566,1689820
17 Oct 2022,15:26:48.328,24,5168,1690820
17 Oct 2022,15:26:48.328,25,5822,1691820
17 Oct 2022,15:26:49.858,25,5970,1692940
17 Oct 2022,15:26:52.652,25,6264,1693940
17 Oct 2022,15:26:52.652,26,6101,1695028
17 Oct 2022,15:26:54.180,26,6125,1696028
17 Oct 2022,15:26:54.180,25,6110,1697028
17 Oct 2022,15:26:55.288,25,5919,1698028
17 Oct 2022,15:26:55.288,26,5815,1699028
17 Oct 2022,15:26:57.553,26,5735,1700036
17 Oct 2022,15:26:57.553,26,5892,1701040
17 Oct 2022,15:26:59.593,25,5973,1702040
17 Oct 2022,15:26:59.593,24,6151,1703040
17 Oct 2022,15:27:01.213,26,6286,1704040
17 Oct 2022,15:27:03.193,26,6590,1705040
17 Oct 2022,15:27:03.193,25,6756,1706188
17 Oct 2022,15:27:05.549,25,6824,1707188
17 Oct 2022,15:27:05.549,26,6644,1708188
17 Oct 2022,15:27:07.798,25,6368,1709218
17 Oct 2022,15:27:07.798,25,6410,1710218
17 Oct 2022,15:27:07.798,25,6290,1711218
17 Oct 2022,15:27:09.448,24,6161,1712218
17 Oct 2022,15:27:09.448,26,6154,1713218
17 Oct 2022,15:27:11.447,25,6189,1714222
17 Oct 2022,15:27:13.424,25,6155,1715222
17 Oct 2022,15:27:13.424,25,6046,1716222
17 Oct 2022,15:27:15.193,25,6206,1717348
17 Oct 2022,15:27:15.193,25,6217,1718348
17 Oct 2022,15:27:16.710,25,6123,1719348
17 Oct 2022,15:27:16.710,26,5728,1720348
17 Oct 2022,15:27:18.764,25,5439,1721348
17 Oct 2022,15:27:18.764,25,5466,1722348
17 Oct 2022,15:27:20.623,24,5657,1723348
17 Oct 2022,15:27:20.623,25,5719,1724348
17 Oct 2022,15:27:22.109,25,6061,1725348
17 Oct 2022,15:27:24.316,25,6099,1726348
17 Oct 2022,15:27:24.316,26,6350,1727348
17 Oct 2022,15:27:27.088,25,6061,1728348
17 Oct 2022,15:27:27.088,25,5615,1729348
17 Oct 2022,15:27:27.088,25,5275,1730348
17 Oct 2022,15:27:29.474,25,5099,1731486
17 Oct 2022,15:27:29.474,25,4938,1732486
17 Oct 2022,15:27:29.474,26,5002,1733486
17 Oct 2022,15:27:31.761,25,5101,1734490
17 Oct 2022,15:27:31.761,25,5617,1735490
17 Oct 2022,15:27:33.238,26,5744,1736490
17 Oct 2022,15:27:34.768,25,5914,1737494
17 Oct 2022,15:27:34.768,25,6377,1738494
17 Oct 2022,15:27:36.808,24,6397,1739494
17 Oct 2022,15:27:36.808,25,6336,1740494
17 Oct 2022,15:27:38.399,25,5911,1741494
17 Oct 2022,15:27:40.269,24,5708,1742644
17 Oct 2022,15:27:40.269,25,5403,1743666
17 Oct 2022,15:27:42.149,24,5183,1744666
17 Oct 2022,15:27:42.149,24,5122,1745666
17 Oct 2022,15:27:43.665,25,5377,1746700
17 Oct 2022,15:27:45.688,24,5711,1747832
17 Oct 2022,15:27:45.688,25,6432,1748832
17 Oct 2022,15:27:48.496,24,6764,1749836
17 Oct 2022,15:27:48.496,24,6976,1750836
17 Oct 2022,15:27:49.514,24,6792,1751836
17 Oct 2022,15:27:49.514,24,6776,1752856
17 Oct 2022,15:27:51.419,24,6364,1753856
17 Oct 2022,15:27:51.419,24,6054,1754856
17 Oct 2022,15:27:53.384,23,5720,1755856
17 Oct 2022,15:27:53.384,24,5684,1756856
17 Oct 2022,15:27:54.704,23,6681,1757900
17 Oct 2022,15:27:56.908,24,6919,1759012
17 Oct 2022,15:27:56.908,24,7524,1760012
17 Oct 2022,15:27:59.866,23,6758,1761012
17 Oct 2022,15:27:59.866,23,6527,1762012
17 Oct 2022,15:27:59.866,24,5938,1763118
17 Oct 2022,15:28:02.264,23,5788,1764220
17 Oct 2022,15:28:02.264,23,5704,1765220
17 Oct 2022,15:28:04.499,24,5840,1766266
17 Oct 2022,15:28:04.499,23,5870,1767266
17 Oct 2022,15:28:05.729,23,5989,1768360
17 Oct 2022,15:28:08.191,23,6083,1769480
17 Oct 2022,15:28:08.191,23,6477,1770480
17 Oct 2022,15:28:08.191,22,6602,1771480
17 Oct 2022,15:28:09.658,23,6726,1772480
17 Oct 2022,15:28:11.203,23,6354,1773480
17 Oct 2022,15:28:11.203,23,6029,1774636
17 Oct 2022,15:28:13.305,23,6084,1775636
17 Oct 2022,15:28:13.305,23,6452,1776636
17 Oct 2022,15:28:15.419,23,6578,1777636
17 Oct 2022,15:28:15.419,23,6163,1778636
17 Oct 2022,15:28:16.994,23,5945,1779636
17 Oct 2022,15:28:16.994,23,6081,1780636
17 Oct 2022,15:28:19.019,23,6126,1781636
17 Oct 2022,15:28:19.019,23,5979,1782636
17 Oct 2022,15:28:20.878,23,5621,1783636
17 Oct 2022,15:28:20.878,23,5514,1784636
17 Oct 2022,15:28:23.400,23,5491,1785674
17 Oct 2022,15:28:24.674,23,5776,1786674
17 Oct 2022,15:28:24.674,23,6177,1787674
17 Oct 2022,15:28:26.804,23,6244,1788774
17 Oct 2022,15:28:26.804,23,6298,1789774
17 Oct 2022,15:28:28.633,23,5918,1790774
17 Oct 2022,15:28:28.633,23,5996,1791774
17 Oct 2022,15:28:30.389,23,6239,1792774
17 Oct 2022,15:28:30.389,23,6370,1793774
17 Oct 2022,15:28:33.078,23,6391,1794774
17 Oct 2022,15:28:33.078,23,6245,1795774
17 Oct 2022,15:28:34.049,23,6433,1796774
17 Oct 2022,15:28:34.049,24,6376,1797774
17 Oct 2022,15:28:36.089,23,6236,1798774
17 Oct 2022,15:28:36.089,23,6198,1799774
17 Oct 2022,15:28:38.684,23,6253,1800774
17 Oct 2022,15:28:38.684,23,6378,1801774
17 Oct 2022,15:28:39.944,23,6608,1802960
17 Oct 2022,15:28:42.133,23,6591,1803960
17 Oct 2022,15:28:42.133,23,6485,1804960
17 Oct 2022,15:28:42.133,23,6124,1805960
17 Oct 2022,15:28:44.490,23,5939,1806960
17 Oct 2022,15:28:46.019,23,5758,1808172
17 Oct 2022,15:28:46.019,23,5787,1809172
17 Oct 2022,15:28:48.824,23,5913,1810172
17 Oct 2022,15:28:48.824,22,6127,1811172
17 Oct 2022,15:28:48.824,24,5923,1812172
17 Oct 2022,15:28:50.398,23,5655,1813324
17 Oct 2022,15:28:51.839,23,5751,1814324
17 Oct 2022,15:28:51.839,23,5948,1815324
17 Oct 2022,15:28:54.329,24,6011,1816324
17 Oct 2022,15:28:54.329,24,6008,1817324
17 Oct 2022,15:28:55.799,23,5934,1818324
17 Oct 2022,15:28:55.799,23,6126,1819324
17 Oct 2022,15:28:57.749,24,6216,1820370
17 Oct 2022,15:28:57.749,23,5900,1821508
17 Oct 2022,15:28:59.984,24,5839,1822508
17 Oct 2022,15:28:59.984,24,5656,1823564
17 Oct 2022,15:29:01.066,23,5992,1824564
17 Oct 2022,15:29:03.944,24,6411,1825564
17 Oct 2022,15:29:03.944,24,6844,1826564
17 Oct 2022,15:29:06.299,23,6964,1827564
17 Oct 2022,15:29:06.299,23,6756,1828666
17 Oct 2022,15:29:06.299,24,6612,1829692
17 Oct 2022,15:29:08.987,24,6119,1830692
17 Oct 2022,15:29:08.987,23,5947,1831692
17 Oct 2022,15:29:08.987,23,5681,1832692
17 Oct 2022,15:29:11.220,23,5975,1833758
17 Oct 2022,15:29:12.797,23,5912,1834954
17 Oct 2022,15:29:12.797,23,5931,1835954
17 Oct 2022,15:29:14.969,23,5989,1836954
17 Oct 2022,15:29:14.969,23,6195,1837954
17 Oct 2022,15:29:17.218,23,6023,1838966
17 Oct 2022,15:29:17.218,23,5809,1840126
17 Oct 2022,15:29:19.185,23,5477,1841126
17 Oct 2022,15:29:19.185,22,5647,1842126
17 Oct 2022,15:29:21.217,24,5780,1843126
17 Oct 2022,15:29:21.217,23,6051,1844126
17 Oct 2022,15:29:23.850,23,5880,1845126
17 Oct 2022,15:29:23.850,22,5789,1846126
17 Oct 2022,15:29:23.850,23,5732,1847126
17 Oct 2022,15:29:25.335,23,5789,1848126
17 Oct 2022,15:29:27.434,23,5859,1849126
17 Oct 2022,15:29:27.434,23,5962,1850126
17 Oct 2022,15:29:29.133,24,6150,1851268
17 Oct 2022,15:29:29.133,24,6119,1852268
17 Oct 2022,15:29:30.525,24,6207,1853268
17 Oct 2022,15:29:30.525,24,5755,1854268
17 Oct 2022,15:29:33.786,23,5522,1855268
17 Oct 2022,15:29:33.786,23,4494,1856268
17 Oct 2022,15:29:35.294,23,5419,1857268
17 Oct 2022,15:29:35.294,22,5551,1858268
17 Oct 2022,15:29:37.229,22,5770,1859268
17 Oct 2022,15:29:37.229,22,5382,1860268
17 Oct 2022,15:29:39.404,23,4431,1861268
17 Oct 2022,15:29:39.404,23,3751,1862268
17 Oct 2022,15:29:40.979,23,4091,1863268
17 Oct 2022,15:29:40.979,22,5042,1864268
17 Oct 2022,15:29:42.749,23,5943,1865452
17 Oct 2022,15:29:42.749,23,6340,1866454
17 Oct 2022,15:29:44.955,23,6687,1867454
17 Oct 2022,15:29:44.955,22,6581,1868454
17 Oct 2022,15:29:46.847,23,6449,1869454
17 Oct 2022,15:29:46.847,23,6276,1870454
17 Oct 2022,15:29:49.079,23,6439,1871454
17 Oct 2022,15:29:49.079,23,6232,1872454
17 Oct 2022,15:29:50.775,22,6079,1873588
17 Oct 2022,15:29:50.775,23,5796,1874588
17 Oct 2022,15:29:52.349,23,5954,1875588
17 Oct 2022,15:29:54.464,23,5918,1876588
17 Oct 2022,15:29:54.464,22,6129,1877588
17 Oct 2022,15:29:56.564,23,6163,1878594
17 Oct 2022,15:29:56.564,23,5975,1879620
17 Oct 2022,15:29:58.020,23,5616,1880620
17 Oct 2022,15:29:58.020,22,5698,1881772
17 Oct 2022,15:30:00.374,23,5779,1882772
17 Oct 2022,15:30:00.374,23,5816,1883818
17 Oct 2022,15:30:02.340,22,5923,1884818
17 Oct 2022,15:30:02.340,23,6322,1885818
17 Oct 2022,15:30:04.186,22,6643,1886818
17 Oct 2022,15:30:04.186,22,6614,1887818
17 Oct 2022,15:30:05.759,23,6299,1888934
17 Oct 2022,15:30:07.695,22,5924,1889956
17 Oct 2022,15:30:07.695,22,5549,1890956
17 Oct 2022,15:30:09.452,23,5552,1891956
17 Oct 2022,15:30:09.452,22,5562,1892986
17 Oct 2022,15:30:11.429,22,5662,1894098
17 Oct 2022,15:30:12.974,22,5931,1895214
17 Oct 2022,15:30:12.974,22,6546,1896214
17 Oct 2022,15:30:14.745,23,6880,1897214
17 Oct 2022,15:30:14.745,23,6965,1898214
17 Oct 2022,15:30:16.830,22,6791,1899308
17 Oct 2022,15:30:16.830,23,6622,1900372
17 Oct 2022,15:30:18.410,22,6601,1901382
17 Oct 2022,15:30:20.536,22,6491,1902382
17 Oct 2022,15:30:20.536,22,6424,1903382
17 Oct 2022,15:30:22.607,22,6343,1904474
17 Oct 2022,15:30:22.607,22,6674,1905632
17 Oct 2022,15:30:24.751,22,6745,1906632
17 Oct 2022,15:30:24.751,22,6647,1907632
17 Oct 2022,15:30:26.339,22,6308,1908632
17 Oct 2022,15:30:26.339,22,6084,1909632
17 Oct 2022,15:30:29.175,22,6241,1910672
17 Oct 2022,15:30:29.175,22,6255,1911672
17 Oct 2022,15:30:30.120,22,1685,1912672
17 Oct 2022,15:30:31.769,22,6637,1913810
17 Oct 2022,15:30:31.769,21,1124,1914810
17 Oct 2022,15:30:31.769,21,6522,1915810
17 Oct 2022,15:30:34.755,20,6907,1916810
17 Oct 2022,15:30:34.755,20,7392,1917810
17 Oct 2022,15:30:36.749,29,3049,1918810
17 Oct 2022,15:30:36.749,28,5025,1919810
17 Oct 2022,15:30:36.749,27,1273,1920810
17 Oct 2022,15:30:39.690,26,3199,1921948
17 Oct 2022,15:30:39.690,26,3903,1922948
17 Oct 2022,15:30:41.219,27,5149,1923948
17 Oct 2022,15:30:42.975,26,5698,1924976
17 Oct 2022,15:30:42.975,26,4078,1925976
17 Oct 2022,15:30:42.975,26,6112,1926976
17 Oct 2022,15:30:45.194,27,6391,1927976
17 Oct 2022,15:30:45.194,27,6041,1928978
17 Oct 2022,15:30:46.472,27,2023,1930132
17 Oct 2022,15:30:48.256,27,6108,1931132
17 Oct 2022,15:30:48.256,27,6338,1932132
17 Oct 2022,15:30:50.400,27,7175,1933132
17 Oct 2022,15:30:50.400,27,6765,1934164
17 Oct 2022,15:30:51.768,27,6587,1935164
